66001;10001;Acciano;166001;10002;Beffi;066001;10003;Roccapreturo;066001;10004;San Lorenzo;066001;10005;Succiano;066002;10001;Aielli;166002;10002;Aielli Stazione;066002;10003;Sardellino;066002;20001;Contrada Paolo Borsellino;066002;30001;Localitˆ Produttiva Via Tiburtina;066003;10001;Alfedena;166004;10001;Anversa degli Abruzzi;166004;10002;Castrovalva;066005;10001;Ateleta;166005;10002;Carceri Alte;066005;10003;Carceri Basse;066005;10004;Colle Giovenchi;066005;20001;Cotica-Mingone;066005;20003;Nazzari;066005;20005;Pitassi;066005;20007;Ricci-Maccaroni;066005;20008;Sciullo;066005;20009;Sicinella;066006;10001;Antrosano;066006;10002;Avezzano;166006;10003;Case Incile;066006;10004;Castelnuovo;066006;10005;Cese;066006;20001;Borgo Via Nuova;066006;20002;Macerino Vecchio;066006;20004;Pozzone;066006;20005;Olmetto;066006;20006;Maiorana;066006;20007;Faenza;066006;20803;Madonna Pietracquaria;066006;30001;Cava Inerti Torrelli;066006;30002;Discarica Inerti Solegara;066006;30003;Discarica R.S.U. Santa Lucia;066007;10001;Balsorano Nuovo;166007;10002;Balsorano Vecchio;066007;10003;Case Marconi;066007;10004;Collepiano;066007;10005;Ridotti;066007;20001;Case Alfonsi;066007;20002;Case Catena;066007;20003;Case Cerroni;066007;20004;Case Cipriani;066007;20005;Case di Norcia;066007;20006;Case Giovannangeli;066007;20007;Case Giovannone;066007;20008;Case Pelagalli;066007;20009;Casino Villa;066007;20010;Collecastagno;066007;20011;Fossato di Sasso;066007;20012;Le Fosse;066007;20013;Noce Grande;066007;20014;Ponte Collepiano;066007;20015;Vigne Cerase;066008;10001;Barete;166008;20001;Teora;066008;20002;Sant'Eusanio;066008;20003;San Sabino-Basanello;066008;20004;Colli;066009;10001;Barisciano;166009;10002;Petogna;066009;10003;San Martino;066010;10001;Barrea;166011;10001;Bisegna;166011;10002;San Sebastiano;066012;10001;Bugnara;166012;10002;Torre dei Nolfi;066012;20001;Faiella;066012;20002;Paccucci;066012;20003;Stazione Anversa-Villalago Scanno;066013;10001;Cagnano Amiterno;166013;10002;Corroccioni;066013;10003;Fiugni;066013;10004;San Giovanni;066013;10005;Termine;066014;10001;Calascio;166015;10001;Campo di Giove;166015;20001;Le Piane;066016;10001;Campotosto;166016;10002;Mascioni;066016;10003;Ortolano;066016;10004;Poggio Cancelli;066016;20001;Case Isaia;066017;10001;Canistro Inferiore;166017;10002;Canistro;066017;22701;Cotardo;066018;10001;Cansano;166019;10001;Capestrano;166019;20001;Capodacqua;066019;20003;San Pelagia;066020;10001;Capistrello;166020;10002;Corcumello;066020;10003;Pescocanale;066020;20001;Colle Amico;066021;10001;Capitignano;166021;10002;Piedicolle;066021;20001;Aglioni;066021;20002;Collenoveri;066021;20003;Paterno;066021;20004;Sivignano;066021;20005;Pago-Rovagnano;066022;10001;Bominaco;066022;10002;Caporciano;166023;10002;Cappadocia;166023;15701;Camporotondo;066023;20002;Petrella Liri;066023;20003;Verecchie;066024;10001;Carapelle Calvisio;166025;10001;Carsoli;166025;10002;Colli di Montebove;066025;10003;Pietrasecca;066025;10004;Poggio Cinolfo;066025;10005;Tufo Basso;066025;10006;Villaromana;066025;20001;Montesabinese;066025;20002;Tufo Alto;066025;20003;Villetta;066025;20004;Contrada Le Valli;066025;30001;Zona Industriale;066026;10001;Castel del Monte;166027;10001;Castel di Ieri;166028;10001;Castel di Sangro;166028;10002;Roccacinquemiglia;066028;20001;Pontone;066029;10001;Castellafiume;166029;10002;Pagliara;066030;10001;Castelvecchio Calvisio;166031;10001;Castelvecchio Subequo;166032;10001;Borgo Ottomila;066032;10002;Borgo Quattordici;066032;10003;Celano;166032;30001;Zona Industriale Tiburtina Est;066033;10001;Cerchio;166034;10001;Civita d'Antino;166034;10002;Civita d'Antino Scalo;066034;10003;Pero dei Santi;066034;20001;Curiuso;066034;20003;La Roscia;066034;20004;Vicenne (Mattei);066035;10001;Civitella Alfedena;166036;10001;Civitella Roveto;166036;10002;Meta;066036;20001;Femminella;066036;20002;Pallocco;066036;20003;Polverelli;066036;20004;San Savino;066036;20005;Santa Lucia;066036;20006;Vicenne (Mattei);066037;10001;Casale;066037;10002;Cocullo;166037;30001;Pietrafitta;066038;10001;Collarmele;166039;10001;Collelongo;166040;10001;Collepietro;166041;10001;Corfinio;166041;30001;Localitˆ Produttiva Sant'Ippolito;066041;30002;Loc. Ind. Artig. e Comm.Impianata;066042;10001;Opi;066042;10002;Pedicciano;066042;10003;Ripa;066042;10004;Vallecupa;166042;20001;Campana;066042;20002;Castello;066042;20003;Colle;066042;20004;Corbellino;066042;20005;Frascara;066042;20006;Termine;066043;10001;Fontecchio;166043;10002;San Pio;066043;20001;Aggregazione M.A.P-Villaggio Fuliana;066044;10001;Fossa;166044;20001;Cerro;066044;20002;Borgo San Lorenzo;066045;10001;Gagliano Aterno;166046;10001;Gioia dei Marsi;166046;24901;Le Grette;066046;24902;Gioia Vecchio;066047;10001;Goriano Sicoli;166048;10001;Cantone-Noce Carlone;066048;10002;Introdacqua;166048;20001;Cantone;066048;20003;Cauze;066048;20004;Mastroiacovo;066048;20005;Santa Maria Frascati;066048;20006;Case del Medico-Torrone;066048;20007;Villaggio Gemma;066049;10001;Aragno;066049;10002;Arischia;066049;10003;Assergi;066049;10004;Bagno;066049;10006;Camarda;066049;10007;Casaline;066049;10008;Cese;066049;10009;Civita di Bagno;066049;10010;Collebrincioni;066049;10011;Colle di Preturo;066049;10012;Colle di Roio;066049;10013;Colle di Sassa;066049;10014;Collefracido;066049;10015;Coppito;066049;10016;Filetto;066049;10017;Foce;066049;10018;Genzano;066049;10019;L'Aquila;166049;10020;Menzano;066049;10021;Monticchio;066049;10023;Paganica-Tempera;066049;10025;Palombaia di Tornimparte;066049;10026;Pescomaggiore;066049;10027;Pianola;066049;10028;Poggio di Roio;066049;10029;Poggio Santa Maria;066049;10030;Pozza-San Marco;066049;10031;Preturo;066049;10032;Roio Piano;066049;10033;San Benedetto;066049;10034;San Gregorio;066049;10036;San Vittorino;066049;10037;Sassa;066049;10038;Nucleo Industriale di Bazzano;066049;20001;Brecciasecca;066049;20002;Cermone;066049;20003;Collemare-San Martino;066049;20004;Cominio;066049;20005;Esperita;066049;20006;Inciampa la Notte;066049;20007;Malepasso;066049;20008;Palombaia di Sassa;066049;20009;Palombara;066049;20010;San Cipriano;066049;20013;Santi;066049;20014;Sassa Scalo;066049;20015;Aggregazione M.A.P.-San Vittorino-Cansatessa;066049;20016;Progetto Case Coppito 3;066049;20017;Progetto Case Sassa Nsi;066049;20018;Progetto Case Bazzano;066049;20019;M.A.P.-Colle di Roio;066049;20020;M.A.P.-San Gregorio;066049;20021;Progetto Case Camarda;066049;20022;M.A.P. Arischia;066049;20023;Progetto Case Assergi;066049;24518;Nuovo Albergo-Infn;066049;24915;Fonte Cerreto-(Base Funivia);066049;30001;Cava Ciuffini;066049;30002;Cava San Giacomo;066049;30003;Cava Zugaro;066049;30004;Nucleo Industriale Pile;066049;30006;Deposito Irti-Cicolani;066049;30007;Aeroporto Preturo;066050;10001;Lecce Nei Marsi;166051;10001;Luco dei Marsi;166051;20001;Petogna;066052;10001;Casamaina;066052;10002;Casavecchia-Colle-Piaggia;066052;10003;Collimento;166052;10004;S.Menna-S.Croce-Francolisco-S.Andrea;066052;10005;Lucoli Alto;066052;10006;Prata-Peschiolo;066052;10007;Spogna-Spognetta;066052;20001;Prato Lonaro I;066052;20104;Vado Lucoli;066052;20503;San Giovanni;066052;24902;Prato Lonaro II;066053;10001;Magliano De'Marsi;166053;10002;Marano dei Marsi;066053;10003;Rosciolo dei Marsi;066053;20002;San Nicola;066053;30001;Zona Industriale;066054;10001;Forme;066054;10002;Massa d'Albe-Corona;166054;20001;Albe;066055;10001;Molina Aterno;166055;20001;Scalo Ferroviario;066056;10001;Aringo;066056;10002;Cabbia;066056;10003;Paganica;066056;10004;Cesaproba;066056;10005;Lonaro-Ville di Fano;066056;10006;Marana;066056;10007;Montereale;166056;10008;Santa Vittoria;066056;10009;Verrico;066056;10010;Colle Calvo;066056;20001;Casale Bottone;066056;20002;Cavagnano;066056;20003;Cavallari;066056;20004;Marignano;066056;20005;Pellescritta;066056;20006;San Vito;066056;20007;Santa Lucia;066056;20008;Casale d'Abruzzo;066056;20009;Castiglione;066056;20010;Busci;066056;20011;Aggregazione M.A.P.- 6 Aprile;066057;10001;La Grancia;066057;10002;Morino;166057;10003;Rendinara;066057;20001;Biancone;066057;20002;La Fossa;066057;20003;Piano Dottore;066057;20004;Alaucci Cacchione;066058;10001;Civitaretenga;066058;10002;Navelli;166059;10001;San Felice d'Ocre;066059;10002;San Martino d'Ocre;066059;10003;San Panfilo d'Ocre;166059;10004;Valle-Cavalletto d'Ocre;066059;20801;Convento Sant'Angelo;066060;10001;Ofena;166060;21803;Volpe;066060;22002;Frasca;066061;10001;Opi;166061;20001;Casette Asismiche;066062;10001;Oricola;166062;10002;Civita;066062;20001;Pezzetaglie;066062;20002;Colonnella;066062;20003;Golfarolo;066062;30001;Le Campora;066062;30002;Spineta;066062;30003;Colle San Giovanni;066062;30004;Immagine;066062;30005;Aleandri;066063;10001;Aschi Alto;066063;10002;Carrito;066063;10003;Cesoli;066063;10004;Ortona dei Marsi;166063;20001;Casali Santa Maria Maddalena;066063;20002;Castiglione;066063;20003;Rivoli;066063;20004;Villa Santa Maria;066064;10001;Ortucchio;166065;10001;Ovindoli;166065;10002;San Potito;066065;10003;Santo Iona;066065;20001;Aia Decina;066065;20002;Campagnolo;066065;20003;Casalmartino;066065;20004;Magnola;066065;20005;SR 5 Bis-Casalmartino;066065;30001;Cava Bivio Santo Iona;066066;10001;Pacentro;166067;10001;Pereto;166067;20801;Santa Maria dei Bisognosi;066068;10001;Pescasseroli;166068;24901;Valle Chiara;066069;10001;Pescina;166069;10002;Venere;066069;30001;"Zona artigianale ""Bosseto""";066070;10001;Pescocostanzo;166070;24901;Villaggio Sant'Antonio;066071;10001;Pettorano sul Gizio;166071;10002;Vallelarga;066071;20001;Case Albanese;066071;20002;Cavate;066071;20003;Chiuse;066071;20004;Conca;066071;20005;Mastroiacovo;066071;20006;Ponte d'Arce;066071;20007;San Martino;066071;20008;Vallepescara;066071;20009;Vallone San Pietro;066072;10001;Boccanello;066072;10002;Cavallari;066072;10003;Pizzoli;166072;20001;Bivio Pizzoli-Cermone;066072;20002;Villa Mazza;066072;20004;Campus Universitario;066073;10001;Poggio Picenze;166073;30001;Insediamento P.I.P;066074;10001;Prata d'Ansidonia;166074;10002;San Nicandro;066074;10003;Tussio;066075;10001;Bagnaturo;066075;10002;Pratola Peligna;166075;20001;Capo la Costa;066075;20002;Costa d'Orsa;066075;20003;Ponte la Torre;066075;30001;Tratturo;066076;10001;Campo di Fano;066076;10002;Prezza;166077;10001;Raiano;166077;20001;Nucleo Area Artigianale;066077;30001;Area Artigianale;066078;10001;Rivisondoli;166079;10001;Roccacasale;166080;10001;Rocca di Botte;166081;10001;Rocca di Cambio;166081;20001;Cerri;066081;20002;Strada Statale 696-Aggregazione M.A.P.;066082;10001;Fonteavignone;066082;10002;Rocca di Mezzo;166082;10003;Rovere;066082;10004;Terranera;066082;20001;Colle Belvedere;066082;24902;Colle Ciaccio;066082;24903;Colle Marino;066083;10001;Rocca Pia;166084;10001;Aremogna;066084;10002;Roccaraso;166084;10003;Pietransieri;066084;24701;Soggiorno Montano Enel;066085;10001;San Benedetto dei Marsi;166085;30001;Localitˆ Produttiva Abbazia;066086;10001;San Benedetto in Perillis;166087;10001;San Demetrio Ne' Vestini;166087;10002;Stiffe;066087;20001;Stazione di San Demetrio;066088;10001;Castelnuovo;066088;10002;San Pio delle Camere;166089;10001;Castelvecchio;066089;10002;San Giovanni;066089;10003;Sante Marie;166089;10004;Santo Stefano;066089;10005;Scanzano;066089;10006;Valdevarri;066089;20001;Stazione Ferroviaria;066089;20002;Tubione;066090;10001;Casentino;066090;10002;Sant'Eusanio Forconese;166091;10001;Santo Stefano di Sessanio;166091;20001;Area M.A.P.-Localitˆ Collicello;066092;10001;Castronovo;066092;10002;Morrea;066092;10003;Roccavivi;066092;10004;San Giovanni Valle Roveto Inferiore;066092;10005;San Giovanni Valle Roveto Superiore;066092;10006;Santa Restituta;066092;10007;San Vincenzo Valle Roveto;166092;10008;San Vincenzo Valle Roveto Superiore;066092;20001;Ara della Croce;066092;20002;Velarde;066093;10001;Frattura;066093;10002;Scanno;166094;10001;Scontrone;166094;10002;Villa Scontrone;066094;30001;Loc. Campo Dragone;066094;30002;Loc. Speno;066095;10001;Casale;066095;10002;Cave;066095;10003;Civitatomassa;066095;10004;Colletara;066095;10005;Forcellette;066095;10006;Scoppito;166095;10007;Sella di Corno;066095;10008;Stazione di Vigliano;066095;10009;Vallinsù;066095;10010;Vigliano;066095;10011;Madonna della Strada;066095;20001;Bivio di Scoppito;066095;20002;Contrada Civitatomassa;066095;20003;Contrada d'Appolloni;066095;20004;Occhibelli;066095;20005;San Bartolomeo;066095;20006;Stradale di Vigliano;066095;20007;I Colli;066095;30001;L. P. Madonna della Strada;066096;10001;Cappelle;066096;10002;Scurcola Marsicana;166096;20001;Colle Moresce;066096;20002;Contrada Croce;066096;20003;Contrada Porcini;066096;20004;Stazione Cappelle;066096;20005;Stazione di Scurcola;066096;20006;Via delle Selve;066096;30001;Area Indust. Artig. e Commerc. I;066096;30002;Area Indust. Artig. e Commerc. II;066097;10001;Secinaro;166098;10001;Badia-Bagnaturo;066098;10002;Marane;066098;10003;Sulmona;166098;20001;Acqua Santa;066098;20002;Albanese;066098;20003;Banchette;066098;20004;Case Bruciate;066098;20005;Case Iommi;066098;20006;Case Panetto;066098;20007;Case Susi I;066098;20008;Case Susi II;066098;20009;Casino Corvi;066098;20010;Fonte d'Amore;066098;20011;Santa Lucia;066098;20012;Torrone;066098;20013;Tratturo I;066098;20014;Tratturo II;066098;20015;Vallecorvo;066098;20016;Zappannotte;066098;20017;Case Comunali Forma Torta;066098;22719;"Casa di Cura ""Santa Lucia""";066098;30001;Loc. Prod. Ovidio;066098;30002;Impianti Sportivi Incoronata;066098;30003;Loc. Pende (Cava);066099;10001;Colle San Giacomo;066099;10002;Gallo;066099;10004;Nuovo Borgo Villa San Sebastiano;066099;10005;Poggetello;066099;10006;Poggio Filippo;066099;10007;Roccacerro;066099;10008;San Donato;066099;10009;Sorbo;066099;10010;Tagliacozzo;166099;10011;Tremonti;066099;10012;Villa San Sebastiano;066099;15703;Marsia;066099;15713;Piccola Svizzera;066099;20001;Le Crete;066099;20002;Santa Maria d'Oriente;066099;20003;Selve Piane;066099;20004;Case Grottelle;066099;30001;Zona Industriale;066100;10001;Goriano Valli;066100;10002;Santa Maria del Ponte;066100;10003;Tione degli Abruzzi;166101;10001;Barano;066101;10002;Colle San Vito;066101;10003;Forcelle;066101;10005;Palombaia;066101;10006;Pianelle;066101;10007;Piè la Costa;066101;10008;Rocca Santo Stefano;066101;10009;San Nicola;066101;10010;Villagrande;166101;20001;Colle Farelli;066101;20002;Colle Marino;066101;20003;Colle Perdonesco;066101;20005;Molino Salomone;066101;20006;Piagge;066101;20007;Colle Fiascone;066101;20008;Viaro;066102;10001;Trasacco;166103;10001;Villalago;166104;10001;Carrufo;066104;10002;Villa Santa Lucia degli Abruzzi;166105;10002;Villa Sant'Angelo;166106;10001;Villavallelonga;166107;10001;Villetta Barrea;166108;10001;Vittorito;167001;10001;Alba Adriatica;167002;10001;Ancarano;167002;20001;Casette;067002;20002;Madonna della Caritˆ;067003;10001;Arsita;167003;20001;Bivio Arsita;067003;20004;Pantane;067003;20602;Colle dei Cerri;067003;20603;Colle Mesole;067004;10001;Atri;167004;10002;Casoli;067004;10003;Fontanelle;067004;10004;San Giacomo;067004;10005;Santa Margherita;067004;10006;Treciminiere;067004;20001;Cavalieri;067004;20002;Colle Petitto;067004;20003;Conicella;067004;20004;Pizzancapa;067004;20005;Santa Giusta;067004;20006;Reille;067004;20007;Medoro;067004;20009;Montagnola;067004;20010;Crocefisso;067004;20011;Colle Sciarra;067004;30001;Stracca;067004;30002;Piane Sant'Andrea;067005;10001;Basciano;167005;10002;Salara Iv;067005;10004;Santa Maria;067005;10005;Brecciola Uno;067005;10006;Salara Uno;067005;20003;Brecciola II;067005;20010;San Rustico I;067005;20013;Villa Ginestre;067005;20014;Villa Guidotti;067005;20015;Villa Tomolati;067005;20016;Casale San Nicola;067005;20017;Santa Maria Uno;067005;30001;Salara;067006;10001;Bellante;167006;10002;Bellante Stazione;067006;10003;Penna Alta;067006;10005;San Mauro;067006;20001;Casaleno;067006;20002;Case Traini;067006;20003;Penna;067006;20005;Villa Tassoni;067006;20006;Di Bonaventura;067006;20007;Colle Izzano;067006;20008;Case Pediconi;067006;20009;Case Pilotti;067006;20010;Colle Arenario;067006;20011;Case Loretone;067006;20013;San Gabriele;067006;20014;Croce del Fiore;067006;20015;Case Ippoliti;067006;20016;Spaccio di Pietro;067006;20017;Colle Montone;067006;20018;Colle Troia;067006;20019;Villa de Luca;067006;20020;Case di Pasquale;067006;20021;Sant'Angelo a Marano;067006;20022;Spaccio Santomo;067007;10001;Bisenti;167007;20001;Bivio Castelli;067007;20002;Bivio San Nicola;067007;20004;Cardarelli;067007;20005;Ciariscelli;067007;20007;La Carpenta-Pop˜-Troiano;067007;20008;Mascimantonio;067007;20010;Pellicianetti;067007;20011;Piano Grande;067007;20013;Scarscinetti;067007;20014;Scipione;067007;20015;Tingoli;067007;20017;Venditti;067007;20018;Zurritto;067008;10003;Campovalano;067008;10012;Piancarani;067008;10016;Campli;167008;10017;Castelnuovo;067008;10018;Sant'Onofrio-Floriano;067008;20002;Cognoli;067008;20004;Collicelli;067008;20005;Fichieri;067008;20006;Friscoli;067008;20008;Marrocchi;067008;20013;Pastinella;067008;20014;Plicati;067008;20015;Prognoli;067008;20019;Gagliano;067008;20020;Cesenˆ;067008;20021;Villa Camera;067008;20022;Roiano;067008;20023;Paterno;067008;20024;Pagannoni Superiore;067008;20025;Nocella;067008;20026;Molviano Alto;067008;20027;Guazzano;067008;20028;Garrufo;067008;20030;Battaglia;067008;20031;Sant'Anna;067008;20032;Cesenˆ Colli;067008;20033;Boceto;067008;20034;Pagannoni Inferiore;067008;20035;Morge;067008;20036;Paduli;067008;20037;Bivio Campli;067008;20038;Molviano Basso (La Madonna);067008;20039;Villa Penna;067008;20040;Le Casette;067008;20041;Bivio Boceto;067008;20042;Case Fulgenzi;067008;20043;Pagannoni-Piane a Canfora;067008;20044;Campiglio;067008;20045;Localitˆ Cappuccini;067008;20807;I Cappuccini;067008;30001;Zona Industriale Terrabianca;067008;30002;Zona Industriale Campovalano;067009;10001;Canzano;167009;10002;Valle Canzano;067009;20001;Colli;067009;20002;Piano di Corte;067009;20003;Maciera;067009;20004;Santa Lucia;067009;20006;Sodere;067010;10001;Castel Castagna;167010;10002;Ronzano;067010;10003;Santa Maria;067010;20001;Castagna Vecchia;067010;20002;Chiavoni;067010;20004;Villa Ruzzi;067010;20006;Scaricasale;067011;10001;Casemolino;067011;10002;Castelbasso;067011;10003;Castellalto;167011;10004;Castelnuovo Vomano;067011;10006;Guzzano;067011;10007;San Gervasio;067011;10008;Santa Lucia;067011;10009;Villa Torre;067011;10010;Petriccione;067011;10011;Villa Zaccheo;067011;20001;Campogrande;067011;20002;Feudo Alto;067011;20005;San Lorenzo;067011;20006;Villa Pasqualone;067011;20007;Feudo Basso;067011;20008;Fonte Trocco;067011;20009;Mulano Basso;067011;30001;L.P. Villa Zaccheo;067011;30002;L.P. Casemolino Ovest;067011;30003;Castelnuovo Vomano Est;067011;30004;Castelnuovo Vomano Ovest;067011;30005;Montecchia;067012;10001;Castelli;167012;10002;Colledoro;067012;10003;Santa Maria della Neve;067012;10004;Villa Rossi;067012;20001;Acquaviva-Bivio Villa Rossi;067012;20003;Casette;067012;20005;Loricco;067012;20006;Morricone;067012;20007;Palombara;067012;20008;San Donato;067012;20009;San Salvatore;067012;20010;Villa Colli;067012;20011;Ciarlotti;067012;20012;Zamparesi;067012;30001;Villaggio Artigiano;067013;10001;Appignano;067013;10002;Castiglione Messer Raimondo;167013;10003;Cesi;067013;10004;Piani;067013;20001;Bozzano;067013;20002;Cerase;067013;20003;Controfino;067013;20005;San Giorgio;067013;20006;Selva;067013;20007;Sicciola;067014;10001;Castilenti;167014;10002;Villa San Romualdo;067014;20001;Casabianca;067014;20002;Pizzannocca;067014;20003;Contrada Colle Galli;067014;20004;Contrada Casabianca Sud;067014;20005;Contrada Plavignano;067014;30001;Contrada Cancelli Zona Industriale N.1;067014;30002;Contrada Cancelli Zona Industriale N.2;067015;10001;Cellino Attanasio;167015;10002;Faiete;067015;10003;Scorrano;067015;20002;Caforno;067015;20003;Case Carnevale;067015;20004;Case Ciafette;067015;20006;Feudi;067015;20007;Manzitti;067015;20008;Mingarelli;067015;20009;Minghetti;067015;20010;Molino del Papa;067015;20011;Monteverde Alto;067015;20012;Monteverde Basso;067015;20013;Petrilli Alto;067015;20014;Petrilli Basso;067015;20015;Staiano;067015;20016;Stampalone;067015;20017;Stampigliano;067015;20018;Telesio;067015;20019;Varche;067015;20020;Villa Giardino;067015;20021;San Clemente;067015;30001;Zona Industriale Stampalone;067015;30002;Zona Industriale Faiete Sud;067015;30003;Zona Industriale Faiete Nord;067016;10001;Cermignano;167016;10002;Montegualtieri;067016;10003;Poggio delle Rose;067016;20001;Casavino;067016;20002;Case Gerardi;067016;20003;Casette;067016;20004;Collarso;067016;20005;Maranella;067016;20006;Micaletti;067016;20007;Petriola;067016;20008;Piano Vomano;067016;20010;Saputelli;067016;20012;Trapannaro;067016;20014;Villa Compagni;067017;10001;Borrano;067017;10002;Cerqueto;067017;10003;Civitella del Tronto;167017;10004;Collebigliano;067017;10005;Cornacchiano;067017;10006;Gabbiano;067017;10007;Garrufo;067017;10008;Palazzesi;067017;10009;Piano San Pietro;067017;10010;Ponzano;067017;10011;Ripe;067017;10013;Rocche di Civitella;067017;10014;Sant'Andrea;067017;10015;Villa Lempa;067017;10016;Villa Passo;067017;10017;Favale;067017;20001;Bivio Risteccio;067017;20002;Carosi;067017;20003;Collevirtù;067017;20005;Fucignano;067017;20007;Lucignano;067017;20008;Pagliericcio;067017;20009;Piano Risteccio;067017;20010;Rocca Ceppino;067017;20011;Rocca Ischiano;067017;20012;Santa Reparata;067017;20013;Sant'Eurosia;067017;20014;Valle Sant'Angelo;067017;20015;Tavolaccio;067017;20017;Villa Olivieri;067017;20018;Santa Croce;067017;30001;Contrada San Reparata;067017;30002;Le Cave;067018;10001;Bascianella;067018;10002;Colledara;167018;10003;Ornano Grande;067018;10004;Villa Petto;067018;20001;Collecastino I;067018;20002;Collecastino II;067018;20003;Cretara;067018;20004;Ornano Piccolo;067018;20005;Perelle;067018;20006;Pizzicato;067018;20007;Sbarra;067018;20008;Vico;067018;20009;Villa Ilii;067018;30001;Piane Mavone;067019;10001;Colonnella;167019;10002;San Giovanni;067019;20001;Cappelletti;067019;20002;Civita;067019;20003;Lupi;067019;20004;Marconi;067019;20006;Prosperi;067019;20007;Ricci;067019;20008;Riomoro;067019;20009;Riomoro Basso;067019;20010;Rosati;067019;20011;San Martino;067019;20012;Sant'Angelo;067019;30001;Vallempa;067019;30002;Isola;067019;30003;Vibrata;067020;10001;Controguerra;167020;20001;Pignotto;067020;20002;San Giovanni I;067020;20003;San Giovanni II;067020;20004;San Giuseppe;067020;20005;San Venanzo I;067020;20006;San Venanzo II;067020;30001;Zona Produttiva Vallempa;067020;30002;Zona Industriale Piana Tronto;067021;10002;Corropoli;167021;10003;Frattari;067021;20001;Abbadia;067021;20002;Accattapane;067021;20006;Case Picci˜;067021;20007;Case Scataglia;067021;20008;Case Stagn˜;067021;20009;Case Vallese;067021;20010;Croce di Ravigliano;067021;20011;Gabbiano;067021;20012;San Giuseppe;067021;20013;Scuole Ravigliano;067021;30001;Santa Scolastica;067022;10001;Casanova;067022;10002;Comignano;067022;10003;Cortino;067022;10004;Elce;067022;10005;Faieto;067022;10006;Macchiatornella;067022;10007;Padula;067022;10008;Pagliaroli;167022;20001;Agnova;067022;20002;Caiano;067022;20003;Casale;067022;20004;Collegilesco;067022;20005;Lame;067022;20006;Pezzelle;067023;10001;Alvi;067023;10002;Cervaro;067023;10003;Cesacastina;067023;10004;Crognaleto;067023;10005;Frattoli;067023;10006;Macchia Vomano;067023;10007;Nerito;167023;10008;Piano Vomano;067023;10009;Poggio Umbricchio;067023;10010;San Giorgio;067023;10011;Santa Croce;067023;10012;Senarica;067023;10013;Tottea;067023;10014;Valle Vaccaro;067023;20001;Aiello;067023;20002;Aprati;067023;20003;Mastrisco;067023;20005;Tintorale;067024;10001;Cerqueto;067024;10002;Fano Adriano;167025;10001;Colleranesco;067025;10002;Giulianova;167025;20001;Case di Trento;067025;20002;Colledoro;067025;20003;Case Muzi;067025;30001;Zona Industriale di Colleranesco;067026;10001;Capsano;067026;10002;Cerchiara;067026;10003;Colliberti;067026;10004;Fano a Corno;067026;10005;Forca di Valle;067026;10006;Isola del Gran Sasso d'Italia;167026;10007;Pretara;067026;10008;San Massimo;067026;10009;San Pietro;067026;10010;Trignano;067026;20001;Casale San Nicola;067026;20002;Ceriseto;067026;20003;Collalto-Frisoni;067026;20006;San Giovanni;067026;20009;Tembrietta;067027;10001;Montefino;167027;10002;Villa Bozza;067027;20001;Crocetta Santa Maria;067027;20002;Floriano;067027;20003;Manzitti;067027;20005;Muraglie;067027;20006;Contrada Marri;067027;20007;La Collina;067027;20008;Contrada Marciano;067028;10001;Altavilla;067028;10002;Bivio Collevecchio;067028;10003;Colledonico;067028;10004;Collevecchio;067028;10005;Cusciano;067028;10006;Faiano;067028;10007;Leognano;067028;10008;Montorio al Vomano;167028;10009;Piane di Collevecchio;067028;10010;Schiaviano;067028;10011;Villa Brozzi;067028;10012;Villa Maggiore;067028;10013;Villa Vallucci;067028;20002;Case Vernesi;067028;20004;Fonte della Corte;067028;20005;San Mauro;067028;20006;Santa Lucia;067028;20008;Trinitˆ;067028;20009;Valle Cupa;067028;20011;Casette di Spiano;067028;20012;Tappone;067028;30001;Zona Industriale Trinitˆ;067029;10001;Bivio Fontanelle;067029;10002;Morro d'Oro;167029;10003;Pagliare;067029;20001;Capo le Coste;067029;20002;Case Cavicchi;067029;20003;Case de' Cesari;067029;20004;Case di Bonaventura;067029;20005;Case di Pasquale;067029;20006;Case Merluzzi;067029;20007;Case Razzano;067029;20008;Case Romani;067029;20009;Case Sacchetti;067029;20010;Contrada Colle San Pietr0;067029;20011;Pagliare Vecchia;067029;20012;Periferia;067029;20013;Piano Cecchino;067029;20014;Piano Cesare;067029;20016;Torrenera;067029;20017;Contrada Cancrini;067029;20018;Contrada Fonte Doti;067029;20019;Contrada Acquasanta;067029;30001;Zona Industriale Propezzano;067030;10001;Montone;067030;10002;Mosciano Sant'Angelo;167030;10003;Mosciano Stazione;067030;10004;Notaresco Stazione;067030;10005;Marina I;067030;20002;Colle Imperatore;067030;20003;Collepietro;067030;20004;Convento Zoccolanti;067030;20005;Maggi;067030;20007;Marina II;067030;20008;Mulinetto;067030;20009;Ripoli;067030;20011;Colle Montone;067030;20012;Colle Leone;067030;20013;Santa Maria Assunta;067030;20014;Colle Santa Maria;067030;20015;Selva Piana;067030;20016;Capoposta;067030;20018;Santa Filomena;067030;20019;Fonte Luca;067030;20020;Convento;067030;30001;Artigianale Ripoli;067030;30002;Artigianale Marina;067030;30003;Area Produttiva Mosciano;067031;10001;Nereto;167032;10001;Guardia Vomano;067032;10002;Notaresco;167032;10003;Pianura Vomano;067032;20001;Capracchia;067032;20002;Casabianca;067032;20003;Colleluccio;067032;20004;Cordesco;067032;20005;Cupo-Casarino;067032;20006;Grasciano;067032;20007;Magnanella;067032;20008;Santa Croce;067032;20009;Sant'Andrea-Caporipe;067032;20010;Sant'Antonio;067032;20012;Vallevignale;067032;20015;Via Vomano;067033;10001;Penna Sant'Andrea;167033;10002;Val Vomano;067033;20001;Capsano;067033;20002;Castellaro;067033;20003;Pilone;067033;20004;Santissima Trinitˆ;067033;20005;Villa Ruzzo;067034;10001;Intermesoli;067034;10002;Pietracamela;167035;10001;Borgo Santa Maria Immacolata;067035;10002;Mutignano;067035;10003;Pineto;167035;10004;Scerne;067035;20002;Santa Maria a Valle;067035;20003;Torre San Rocco;067035;20004;Villa Fumosa;067035;20005;Zona P.E.E.P.;067035;20006;Contrada Capitolo;067035;20007;Seconda Zona P.E.E.P.;067035;30001;"Zona Industriale ""Scerne""";067035;30002;"Zona Artig.Ind.Commerc. ""Mercatone""";067036;10001;Cona Faiete;067036;10002;Fioli;067036;10003;Imposte;167036;10004;Paranesi;067036;10005;Ceppo;067036;20001;Acquaratola;067036;20002;Alvelli;067036;20003;Belvedere;067036;20004;Canili;067036;20005;Cesa;067036;20006;Ciarelli;067036;20007;Faiete;067036;20009;Licciano;067036;20010;Macchia Santa Cecilia;067036;20011;Riano;067036;20012;San Biagio;067036;20013;Tevere;067036;20014;Forno;067036;20015;Martesi;067037;10001;Casal Thaulero;067037;10002;Cologna Paese;067037;10003;Cologna Spiaggia;067037;10004;Montepagano;067037;10005;Roseto degli Abruzzi;167037;10006;San Giovanni;067037;10007;Santa Lucia;067037;20002;Bonaduce;067037;20003;Centovie;067037;20004;Colle Vraddo;067037;20005;Coste Lanciano;067037;20006;Cupo Biancucci;067037;20007;Giardino;067037;20008;Mazzocco;067037;20009;Molino San Antimo;067037;20010;Palazzese;067037;20011;Piana Grande;067037;20012;Piane Vomano;067037;20013;Tanesi;067037;20014;Villa Maisè;067037;20015;Spinaci;067037;20016;Santa Caterina;067037;20017;Piana degli Ulivi;067037;30001;Colle del Sole;067037;30002;Autoporto;067038;10001;Faraone Nuovo;067038;10002;Garrufo;067038;10004;Sant'Egidio alla Vibrata;167038;10005;Villa Mattoni;067038;20001;Case Novere;067038;20002;Li Piane;067038;20003;Pincirito;067038;20004;Re;067038;20005;Saitt“;067038;20006;Biasciuokc;067038;20008;Yscla;067038;20009;Marchetti;067038;30001;La Cava;067038;30002;Li Puzz;067038;30003;Trenta Vi';067039;10001;Garrufo;067039;10002;Poggio Morello;067039;10003;Sant'Omero;167039;10004;Villa Ricci;067039;20001;Barracche;067039;20002;Bivio Sant'Omero;067039;20003;Case Alte;067039;20004;Casette;067039;20006;Mediana;067039;20007;Nucleo Artigianale;067039;20008;Villa Gatti;067039;20009;Zona Pep;067040;10001;Pianacce;067040;10002;Silvi;167040;10003;Silvi Paese;067040;20001;Bufali;067040;20002;Colle Stella;067040;20003;Fonte del Fico;067040;20004;Forchetta;067040;20005;Piane Maglierici;067040;20006;Silville;067041;10001;Castagneto;067041;10002;Cavuccio;067041;10003;Colleatterrato Alto;067041;10004;Colleminuccio;067041;10005;Colle Santa Maria-Varano;067041;10006;Forcella;067041;10007;Frondarola;067041;10008;Magnanella;067041;10009;Miano;067041;10010;Nepezzano;067041;10011;Piano d'Accio;067041;10012;Poggio Cono;067041;10013;Poggio San Vittorino;067041;10014;Putignano;067041;10015;Rapino;067041;10016;Rocciano;067041;10017;Rupo;067041;10018;San Nicol˜ a Tordino;067041;10019;San Pietro Ad Lacum;067041;10020;Sant'Atto;067041;10021;Spiano;067041;10022;Teramo;167041;10023;Tofo Sant'Eleuterio;067041;10024;Tordinia-Villa Ripa;067041;10025;Valle San Giovanni;067041;10026;Villa Gesso;067041;10028;Villa Vomano;067041;20001;Cannelli;067041;20002;Caprafico;067041;20003;Casette;067041;20004;Chiaretto;067041;20007;Galeotti;067041;20008;Garrano Alto;067041;20009;Garrano Basso;067041;20011;Monticelli;067041;20013;Ponzano;067041;20015;Sardinara;067041;20016;Sciusciano;067041;20017;Secciola;067041;20021;Villa Falchini;067041;20024;Villa Romita;067041;20025;Villa Stangheri;067041;20026;Villa Turri;067041;20027;Viola;067041;20028;Travazzano;067041;20029;C.da S. Angelo-Bivio Miano;067041;20030;Villa Albula;067041;20031;Tofo S.Eleuterio;067041;23130;Casa Circondariale;067042;10001;Torano Nuovo;167042;20001;Campodino;067042;20002;Case Lucidi;067042;20003;Flaio;067042;20004;Pretella;067042;20005;Villa Bizzarri;067043;10001;Abetemozzo;067043;10002;Borgonovo;067043;10003;Ioanella;067043;10004;Piano Grande;067043;10006;Poggio Valle;067043;10007;Santo Stefano;067043;10008;Torricella;167043;20001;Colle Fiorito;067043;20002;Corvacchiano;067043;20003;Fornaci;067043;20004;Ginepri;067043;20005;Morricone;067043;20006;Pastignano;067043;20007;San Felice;067043;20008;Santa Chiara;067043;20009;Tizzano;067043;20010;Villa Popolo;067043;20011;Villa Riccio;067043;20012;Villa Tofo;067043;20014;Costumi;067043;24915;Poggio Rattieri;067044;10001;Cavatassi;067044;10002;Salino;067044;10003;Tortoreto;167044;10004;Tortoreto Lido;067044;20001;Antonini;067044;20002;Colle Luna;067044;20003;Colle San Giovanni;067044;20004;Colle del Merlo;067044;20005;Terrabianca;067044;30001;Zona Artigianale Industriale;067045;10001;Azzinano;067045;10002;Castelmaidetto;067045;10003;Colledonico;067045;10004;Tossicia;167045;20001;Aquilano;067045;20002;Camerale;067045;20003;Case di Renzo;067045;20004;Cerquone;067045;20005;Flammignano;067045;20006;Paduli-Solagne;067045;20007;Palozza;067045;20008;Pastino;067045;20009;Petrignano Bivio;067045;20010;Petrignano-San Martino;067045;20011;Piandilago;067045;20013;Tozzanella;067045;20014;Villa Alzano;067046;10001;Cesano;067046;10002;Leofara;067046;10003;Macchia da Borea;067046;10004;Macchia da Sole;067046;10005;Morrice;067046;10006;Pascellata;067046;10007;Pietralta;067046;10008;San Vito;067046;10009;Valle Castellana;167046;20001;Basto;067046;20002;Carpani;067046;20003;Casanova;067046;20004;Case Caprioli;067046;20006;Ceraso;067046;20007;Cerquito;067046;20008;Colle;067046;20009;Coronelle;067046;20010;Fornisco;067046;20012;Mattere;067046;20014;Prevenisco;067046;20015;Rio di Lame;067046;20016;San Giacomo;067046;20018;Vallefara;067046;20019;Villa Franca;067046;21117;Santa Ruffina;067047;10001;Martinsicuro;167047;10002;Villa Rosa;068001;10001;Abbateggio;168001;20001;Le Piane;068002;10001;Alanno;168002;10002;Alanno Scalo;068002;10003;Feliciantonio;068002;10004;Oratorio;068002;10005;Ticchione;068002;20002;Ciafalone;068002;20004;Fascitelli;068002;20005;Fraticelli;068002;20006;Macerine;068002;20007;Petricchi;068002;20008;Prati;068002;20010;Sant'Emidio;068002;20011;Tarantolˆ;068002;20014;Villa d'Orazio;068002;20015;San Cassiano-Santa Maria del Carmine;068002;20016;San Cassiano-Sant'Emidio;068002;30001;Localitˆ Produttiva;068003;10001;Bolognano;168003;10002;Musellaro;068003;10003;Piano d'Orta;068003;20001;Fara;068003;20002;Santa Maria del Monte;068004;10001;Brittoli;168004;10002;San Vito;068004;20002;Cerqueglio;068004;20003;Cona;068004;20004;Fonte Moro;068004;20005;Intro d'Acqua;068004;20006;Pagliaro di Tono;068004;20007;Peschiole;068004;20008;Spinaci;068004;24901;Boragne;068005;10001;Bussi Officine;068005;10002;Bussi sul Tirino;168005;20001;Cirichiello;068006;10001;Cappelle sul Tavo;168006;30001;Fiume Tavo;068007;10001;Caramanico Terme;168007;10002;Decontra;068007;10003;San Tommaso;068007;10004;San Vittorino;068007;10005;Scagnane;068007;20002;Casa Monache;068007;20003;Case Scalpelli;068007;20004;Case Tobia;068007;20005;Colle Arena;068007;20006;Fonte Natale;068007;20007;Fonte Santa Croce;068007;20008;Fonte Vetica;068007;20009;Riga;068007;20010;San Nicolao;068007;20011;Sant'Elia;068007;20012;Scagnane di Sotto;068007;20013;Scagnane di Sopra;068008;10001;Carpineto della Nora;168008;20001;Case Cappuccini;068008;20002;Case Cesarie;068008;20003;Fara;068008;20004;Fratte;068009;10001;Castiglione a Casauria;168009;10002;Madonna della Croce;068009;10003;San Clemente;068009;20001;Cervarano;068009;20002;Piano da Capo;068009;20003;Piano del Ponte;068010;10001;Catignano;168010;20001;Cappuccini;068010;20002;Cetrano;068010;20003;Micarone;068010;20004;Fornaci;068011;10001;Cepagatti;168011;10002;Vallemare;068011;10003;Villanova;068011;10004;Villareia;068011;20001;Buccieri;068011;20002;Calcasacco;068011;20003;Casoni;068011;20004;Di Girolamo;068011;20005;Faiolo;068011;20006;Moncocitto;068011;20007;Palozzo;068011;20008;Rapattoni Nuovo;068011;20009;Rapattoni Vecchio;068011;20010;Sant'Agata;068011;20011;Santuccione;068011;20012;Sborgia;068011;20013;Tre Croci;068011;30001;Zona artigianale Vallemare;068012;10001;Annunziata;068012;10002;Cipressi;068012;10003;Cittˆ Sant'Angelo;168012;10005;Fonte Umano-San Martino Alta;068012;10009;San Martino Bassa;068012;20003;Crocefisso;068012;20004;Fagnani Vecchia;068012;20005;Fonte Nuova;068012;20011;Torre Liquorizia;068012;20012;Giardino;068012;20013;Cuppello;068012;20014;Fagnani Nuova;068012;30001;Vertonica-Lungofino;068012;30003;Ibisco;068012;30004;Piano di Sacco;068012;30005;Outlet Village Cittˆ Sant'Angelo;068013;10001;Civitaquana;168013;20002;Bauglione;068013;20003;Colle del Popolo;068013;20004;Colle Scurcola;068013;20005;Colle Vertiere;068013;20006;Piano Scarpara;068013;20007;Salaiano;068013;20008;Solagne;068013;20009;Vicenne;068013;20010;Contrada da Vicenne II;068013;20011;Contrada da Rigo;068014;10001;Civitella Casanova;168014;10002;Vestea;068014;20001;Baffo;068014;20002;Centelle;068014;20003;Fazio;068014;20004;Madonna delle Grazie;068014;20005;Mirabello;068014;20006;Topanera;068014;20007;Santanello;068014;20008;Pettorano;068014;20009;San Giuseppe;068014;20010;Fontebruna;068015;10001;Barberi;068015;10002;Collecorvino;168015;10003;Congiunti;068015;10004;Santa Lucia;068015;20001;Campotino;068015;20002;Caparrone;068015;20003;Casamarte;068015;20004;Case di Luzio;068015;20005;Castelluccio;068015;20006;Coen;068015;20007;Ferretti;068015;20011;Lupi;068015;20012;Orsini;068016;10001;Corvara;168016;20001;Colli;068016;20002;Vicenne;068017;10001;Cugnoli;168017;20001;Andragona;068017;20002;Arcitelli;068017;20003;Castellano;068017;20004;Cesura;068017;20006;Colle delle Bucache;068017;20007;Colle San Luca;068017;20008;Costa Pagliola;068017;20009;Fonte Tudico;068017;20010;Frattali l'Incotta;068017;20011;Le Case;068017;20013;Piano Finocchio;068017;20014;Rota Giannelli;068017;20015;San Pietro;068017;20016;Santa Maria del Ponte;068017;20017;Tofoli;068017;20018;Vaccardo;068017;20019;Vadalloni;068017;20020;Vallarno;068017;20021;Vignoli;068018;10001;Elice;168018;20002;Castellano;068018;20003;Bastioni;068018;20005;Madonna degli Angeli;068018;20006;Sant'Agnello;068018;20007;Quattrostrade;068019;10001;Farindola;168019;20001;Bivio Cupoli-Chirachiuccolo;068019;20002;Case Bruciate;068019;20003;Centrale;068019;20004;Chianchiro;068019;20006;Colitti;068019;20008;Cupoli;068019;20009;Falone;068019;20012;Macchie;068019;20014;Mirri;068019;20016;Rigo;068019;20017;Ronchetti;068019;20019;San Quirico;068019;20020;Santa Maria;068019;20022;Trosciano Superiore;068020;10001;Lettomanoppello;168020;20003;Lavino;068021;10001;Loreto Aprutino;168021;10002;Remartello;068021;20001;Bottini;068021;20002;Cartiera;068021;20003;Ferrauto;068021;20005;Il Tarallo;068021;20007;Passocordone;068021;20008;Poggioragone;068021;20010;Rotacesta;068021;20011;Scrizzetto;068021;20012;Stazione Pianella;068021;20013;Villa Scannella;068021;20014;San Pellegrino;068021;30001;Passocordone;068021;30002;Remartello;068022;10001;Manoppello;168022;10002;Manoppello Scalo;068022;10003;Santa Maria Aradona;068022;20001;Cappuccini;068022;20002;Pozzo;068022;20003;San Callisto;068023;10001;Montebello di Bertona;168023;20001;Colasante;068023;20002;Farindolese;068023;20003;Tancanera;068024;10001;Montesilvano Colle;068024;10002;Montesilvano Marina;168024;20001;Case di Pietro;068024;20002;Santa Venere;068024;20003;Trave;068024;30001;Via Mascagni;068025;10001;Bivio Casone;068025;10002;Moscufo;168025;20001;Astignano;068025;20004;Colle di Giogo;068025;20006;Fontanelle;068025;20007;Pischiarano;068025;20008;San Flaviano;068025;20010;Selvaiella;068025;20011;Senarica-Vertilina;068025;20012;Sterparo dei Santi;068025;20014;Valleiuta;068025;20015;Valle Molino;068025;20016;Valle Pelillo;068025;20018;Senarica-Fonte Ferri;068025;20019;Valle Pelillo Ovest;068025;30001;Bivio Casone Ovest;068026;10001;Nocciano;168026;20001;Casali;068026;20002;Cerasa;068026;20003;Collina;068026;20004;Zubbitilli;068027;10001;Penne;168027;10002;Roccafinadamo;068027;20001;Casale;068027;20002;Colle Stella;068027;20003;Colle Trotta;068027;20004;Conaprato;068027;20005;Portacaldaia;068027;20006;San Pellegrino;068027;20007;Santa Vittoria;068027;20008;Arci;068027;20009;Mallo;068027;20010;Pluviano;068027;20011;Colle Formica;068027;20012;San Salvatore;068027;26213;Asl;068027;30001;Ponte Sant'Antonio;068028;10001;Pescara;168028;20001;Case Candeloro;068029;10001;Pescosansonesco Nuovo;168029;10002;Pescosansonesco Vecchio;068029;20001;Colle della Guardia;068029;20002;De Contra;068029;20003;Dogli;068030;10001;Castellana;068030;10002;Cerratina;068030;10003;Pianella;168030;20001;Collecinciero;068030;20002;Partenza;068030;20003;Quercia Ompiso;068030;20004;Case Vicario;068030;20005;Villa Finocchio;068030;20006;Case d'Amico;068030;20007;Carosella;068031;10001;Piccianello;068031;10002;Picciano;168031;20001;Colli;068031;20002;Pagliari;068031;20003;Colline;068031;20004;Pagliari II;068032;10001;Pietranico;168032;20001;Case Boccacci;068032;20002;La Cesa;068032;20004;Valle Baroni;068032;20005;Valle Grazietti;068032;21103;Oratorio;068033;10001;Popoli;168034;10001;Piano delle Castagne;068034;10002;Roccamorice;168034;20001;Collarso;068034;20002;Colle Cauto;068034;20005;Pagliari;068035;10001;Rosciano;168035;10002;Villa Badessa;068035;10003;Villa Oliveti;068035;10004;Villa San Giovanni;068035;20001;Collemezzano;068035;20002;Colli;068035;20003;Piano del Ciero;068035;20004;Piano della Fara;068035;20005;San Martino;068035;20006;Speranza;068035;20007;Taverna Nuova;068035;30001;Inte S.p.A.;068036;10001;Salle;168037;10001;Sant'Eufemia a Maiella;168037;20001;Roccacaramanico;068037;20002;San Giacomo;068038;10001;San Valentino in Abruzzo Citeriore;168038;20001;Cerrone;068038;20002;Olivuccia;068038;20003;San Giovanni;068038;20004;Solcano;068038;20005;Trovigliano;068039;10001;Decontra;068039;10003;Scafa;168039;20002;Colli;068039;20003;Mampioppo;068039;20004;Marulli-Solcano;068039;20005;Pianapuccia;068039;20006;Tornaturo;068039;20007;Colli Superiori;068039;20008;Colli Mampioppo;068039;20009;Piano d'Orta;068040;10002;Serramonacesca;168040;15701;Passo Lanciano;068041;10001;Caprara d'Abruzzo;068041;10002;Santa Teresa;068041;10003;Spoltore;168041;10004;Villa Raspa;068041;10005;Villa Santa Maria;068041;20001;Caprara;068041;20002;Case Castellini;068041;20003;Case Cipriani;068041;20004;Case Cocciagrassa;068041;20005;Case di Marzio;068041;20006;Case di Tillio;068041;20008;Case Fornace;068041;20010;Case Marcone;068041;20012;Case Mennilli;068041;20013;Case Pacchiarotta;068041;20014;Case Pettinella;068041;20015;Case Seminario;068041;20016;Case Sferrella;068041;20017;Case Splendiani;068041;20018;Case Tre Pini;068041;20019;Case Troiani;068041;20020;Case Trufulone;068041;20021;Case Valle Carbone;068041;20022;Case Vallerosa;068041;20023;Case Zagattella;068041;20024;Case Zampetta;068041;20025;Cavaticchio Inferiore;068041;20027;Pierfelice;068041;20028;Zampacorta;068041;20029;Case Scuola Sferrella;068041;20030;Cavaticchio Superiore;068041;20031;Case Emanuele;068041;22926;Ospedale De Cesaris;068041;30002;Di Zio;068041;30003;P.A.P. Santa Teresa;068042;10001;Tocco da Casauria;168042;20001;Francoli;068042;20002;Marano;068042;20004;Rovetone;068042;20005;Localitˆ Villa;068042;20006;Localitˆ Viaro;068042;20803;Osservanza;068042;30001;Localitˆ Ceppeto;068043;10001;Torre de' Passeri;168044;10001;Turrivalignani;168044;20001;Belvedere;068044;20002;Cugnoli;068044;20004;Pescarina;068044;20005;Tascone;068044;20006;Taverna di Turri;068044;20007;Villa Breda;068044;30001;Zona Artigianale;068045;10001;San Vincenzo;068045;10002;Vicoli;168045;20001;Le Pietre;068046;10001;Villa Celiera;168046;20002;Pietra Rossa;068046;20003;San Sebastiano;068046;20004;Santa Maria;068046;20005;Traino;069001;10001;Altino;169001;10002;Selva;069001;20001;Fonte;069001;20002;Luzio;069001;20003;Mandrella;069001;20004;Rio Secco;069001;20005;Scosse;069001;20006;Briccioli;069001;20007;Sant'Angelo;069002;10001;Archi;169002;10002;Piane d'Archi-Quadroni;069002;10003;Ruscitelli;069002;10004;San Luca-Sant'Amico;069002;20001;Cannella I;069002;20002;Cannella II;069002;20003;Fara;069002;20004;Grotte;069002;20005;Isca d'Archi;069002;20006;Montagna;069002;20007;Rascitti;069002;20008;Rongiuna;069002;20009;Sant'Amico;069002;20010;Valle Franceschelli;069002;20011;Fonte Tasca;069003;10001;Ari;169003;10002;San Pietro;069003;20001;Curci;069003;20002;Pianagrande;069003;20003;Turri;069004;10001;Arielli;169004;10002;Valle;069004;20001;Carloni;069004;20002;Fonte delle Chiavi;069004;20003;San Romano;069004;30001;Zona Industriale;069005;10001;Atessa;169005;10002;Monte Marcone;069005;10003;Piazzano-Piana la Fara;069005;10005;San Luca-Sant'Amico;069005;10006;San Tommaso;069005;20001;Campanelle-Colle Comune;069005;20002;Capragrassa I;069005;20003;Capragrassa II;069005;20004;Capragrassa III;069005;20005;Castelluccio;069005;20006;Colle delle Pietre;069005;20007;Colle San Giovanni;069005;20009;Cona;069005;20010;Fontegrugnale;069005;20011;Giarrocco;069005;20012;Mandrioli;069005;20013;Aia Santa Maria III;069005;20014;Passo Pincera;069005;20016;Piana la Fara;069005;20017;Piana Matteo;069005;20018;Piana Osento;069005;20019;Pili;069005;20021;Rigatella I;069005;20023;Aia Santa Maria I;069005;20024;Saletti I;069005;20025;Saletti II;069005;20026;San Marco;069005;20027;Satrino;069005;20028;Scorciagallo;069005;20030;Lentiscie;069005;20031;Quercianera;069005;20032;Collegrilli;069005;20033;Croce Pili;069005;20035;Aia Santa Maria II;069005;20044;Colle Pietre II;069005;20045;Montecalvo II;069005;20047;Colle San Giacomo;069005;20048;San Marco II;069005;20049;Quercianera-Siberia;069005;20050;Montecalvo I;069005;20829;Vallaspra;069005;30001;Localitˆ Produttiva Montemarcone;069005;30002;Zona Industriale;069006;10001;Bomba;169006;10002;Sambuceto;069006;10003;Valle Cupa;069007;10001;Borrello;169008;10001;Bucchianico;169008;20002;Campo di Roma;069008;20003;Casoni;069008;20004;Cervinelli;069008;20005;Colle Marcone;069008;20006;Colle Sant'Antonio;069008;20007;Fonte Pietra;069008;20009;Pubbliconi;069009;10001;Montebello sul Sangro;169010;10001;Canosa Sannita;169010;20001;Valle;069011;10001;Carpineto Sinello;169012;10001;Carunchio;169013;10001;Casacanditella;169013;10002;Semivicoli;069013;20001;Calcara;069013;20002;Dendalo;069013;20005;Foro;069013;20007;Sant'Angelo;069013;20008;Val di Foro;069014;10001;Casalanguida;169014;20001;Cese;069014;20002;Valloni;069015;10001;Casalbordino-Miracoli;169015;10002;Termini;069015;20001;Mandrelle;069015;20002;Leoni;069015;20003;Verdugia;069015;20004;Vidorni;069016;10001;Casalincontrada;169016;10002;Brecciarola;069016;20001;Aceto;069016;20002;Adriani;069016;20003;Ambrosetti;069016;20004;Fontanelle;069016;20005;Malandra Nuova;069016;20006;Malandra Vecchia;069016;20007;Sciabolone;069017;10001;Casoli;169017;10002;Guarenna Nuova;069017;10003;Piano di Ascigno;069017;10004;Selva Piana;069017;10005;Pianibbie;069017;20001;Capoposta;069017;20003;Caravotti;069017;20004;Casa Petra;069017;20006;Cavassotti;069017;20007;Cillitti;069017;20009;Colle Torre;069017;20010;Consalvi;069017;20011;Fiorentini;069017;20012;Gentili;069017;20013;Laroscia;069017;20015;Merosci;069017;20016;Minco di Lici;069017;20018;Piana delle Vigne;069017;20020;Piano Aventino;069017;20021;Piano Carlino;069017;20022;Piano la Fara;069017;20023;Pistuoli;069017;20024;Stellucci;069017;20025;Tacconelli;069017;20026;Talone;069017;20027;Verlengia;069017;20028;Verratti;069017;20029;Vizzarri;069017;20031;Ascigno Inferiore;069017;30001;Zona Industriale Casoli Est;069018;10001;Castel Frentano;169018;10002;Colle Cerase;069018;10003;Moscete;069018;20001;Clementi;069018;20002;Colle Aia I;069018;20003;Colle Aia II;069018;20004;Crocetta-Colle Grande;069018;20005;Ischia;069018;20006;Lentesco;069018;20007;Pietragrossa;069018;20008;Porrechi;069018;20009;San Vincenzo;069018;20010;Spaccarelli;069019;10001;Castelguidone;169020;10001;Castiglione Messer Marino;169020;20001;Padulo;069021;10001;Celenza sul Trigno;169022;10001;Chieti;169022;10002;Fontechiaro da Capo;069022;10003;Brecciarola;069022;20001;Cascini;069022;20002;Casone del Tratturo;069022;20003;Ciarciaglini;069022;20004;Colle Marcone;069022;20005;Crocefisso;069022;20006;De Rosa;069022;20007;Fasoli;069022;20008;Iachini;069022;20010;Macelli;069022;20011;Madonna del Buon Consiglio;069022;20012;Malandra;069022;20013;Mantini;069022;20014;Meneghini;069022;20015;Primavilla;069022;20016;San Salvatore;069022;20017;Santa Maria de Criptis;069022;20018;Sciurilli;069022;20019;Solferino;069022;20020;Tacconelli;069022;20021;Villa degli Ulivi;069022;20022;Villa del Duca;069022;20023;Villa Farina;069022;20026;Villa Toppi;069022;20027;Succeto;069022;20028;Bivio Brecciarola;069022;22725;Villa Pini;069023;10001;Civitaluparella;169024;10001;Calazzotto;069024;10002;Civitella Messer Raimondo;169024;10003;Gallo;069024;10004;La Fonte;069024;10005;Selva;069024;10006;Vicenne;069024;20001;Colle San Leonardo;069024;20003;Forconi II;069025;10001;Colledimacine;169026;10001;Colledimezzo;169027;10001;Casino Vezzani;069027;10002;Crecchio;169027;10003;Villa Selciaroli;069027;10004;Villa Consalvi;069027;10005;Villa Tucci;069027;20001;San Polo I;069027;20002;San Polo II;069027;20003;Villa Mascitti IV;069027;20005;Villa Marcone II;069027;20006;Villa Mascitti II;069027;20007;Casino Vezzani II;069027;20008;Villa Formicone II;069027;20009;Villa Baccile;069027;20010;Villa Formicone I;069027;20011;Villa Marcone I;069027;20012;Villa Mascitti I;069028;10001;Cupello;169028;20001;Montalfano;069028;20002;Ributtini;069029;10001;Dogliola;169029;30001;Localitˆ Produttiva;069030;10001;Fara Filiorum Petri;169030;20001;Colle Pagnotto;069030;20002;Colli;069030;20003;Colle Anzolino-Campolungo;069030;20004;Vicenne;069030;30001;Piane-San Giacomo;069030;30002;Mandrone;069030;30003;Sant'Eufemia;069031;10001;Fara San Martino;169032;10001;Filetto;169032;20001;Calvario;069032;20002;Castagna;069032;20003;Cavallo Morto;069032;20004;Colle di Sciore;069032;20006;Valle;069032;20007;Viano;069032;30001;Brecciarola;069033;10001;Fossacesia;169033;10002;Marina;069033;10003;Scorciosa;069033;10004;San Martino;069033;20001;Bardascillo;069033;20002;Fondi;069033;20003;Masserie;069033;20004;Strutto;069033;20005;Piano Favaro;069034;10001;Fraine;169035;10001;Fontechiaro;069035;10002;Francavilla al Mare;169035;10003;Piattelli;069035;20001;Candeloro;069035;20002;Castelvecchio;069035;20004;Coderuto;069035;20005;Di Quinzio;069035;20006;Di Sante;069035;20007;Leonzio;069035;20008;Mancini;069035;20009;Piane-Moretto;069035;20010;Parlapiano;069035;20011;Pujese;069035;20012;Scatenato;069035;20013;Torre Ciarrapico;069036;10001;Fresagrandinaria;169036;20001;Cerracchio;069036;20004;Guardiola;069036;20005;Piano Guardiola;069036;20007;Pozzi;069037;10001;Badia;069037;10002;Frisa;169038;10001;Furci;169038;20001;Morelle;069038;20002;Casalforzato;069038;20003;Morge;069039;10001;Gamberale;169039;20001;Casale Bellisari-Giardinari;069039;20002;Casale Ciabacchi;069039;20003;Casale Conicella;069039;20004;Casale Galeoti;069039;20005;Casale Mosè;069039;20006;Casale Panicotti;069039;20007;Casale Tesoro;069039;20008;Casale Martini;069039;20009;Casale Costantini;069040;10001;Gessopalena;169040;20001;Castellana;069040;20002;Coccioli;069040;20003;Isolina;069040;20004;Longhi;069040;20005;Macchie;069040;20006;Monte San Giuliano;069040;20007;Morge della Penna;069040;20008;Pastini;069040;20009;Pincianesi I;069040;20010;Pincianesi II;069040;20011;Riguardata;069040;20012;Rossi;069040;20013;Morgia;069041;10001;Gissi;169041;10002;Piano dell'Ospedale-Peschiola;069041;20001;Marisi;069041;20002;Montecanavella;069041;20003;Rosario;069041;20004;Rovelizio;069041;20005;Tratturo;069041;20006;Valle Fiaschetta;069041;20007;Pian Querceto;069041;30001;Zona Industriale Val Sinello;069042;10001;Giuliano Teatino;169042;20001;Vallebotte;069043;10001;Anello;069043;10002;Bocca di Valle;069043;10003;Caporosso;069043;10004;Caprafico;069043;10005;Colle Barone;069043;10006;Colle Luna;069043;10007;Comino;069043;10008;Guardiagrele;169043;10009;Melone;069043;10010;Piano delle Fonti;069043;10011;San Bartolomeo;069043;10012;San Biase;069043;10013;San Domenico-Colle;069043;10014;San Leonardo;069043;10015;Santa Lucia;069043;10016;San Vincenzo-Cerchiara;069043;10017;Sciorilli;069043;20001;Capuani;069043;20003;Colle Spedale;069043;20005;Pagnotti;069043;24904;Coste Laio;069044;10001;Guilmi;169045;10001;Corpi Santi;069045;10002;Fico San Martino;069045;10003;Fonterossi;069045;10004;Lama dei Peligni;169045;20002;Pianimarini;069045;20003;Vaccarda;069045;20801;Convento Francescano;069046;10001;Costa di Chieti;069046;10002;Lanciano;169046;10003;Rizzacorno;069046;10004;Sant'Amato-Nasuti;069046;10005;Sant'Onofrio;069046;10006;Villa Elce;069046;20001;Contrada Villa Elce;069046;20004;Campitelli;069046;20005;Contrada Nasuti;069046;20006;Contrada Rizzacorno;069046;20007;Contrada Rizzacorno I;069046;20009;Fontanelle;069046;20011;Contrada Re di Coppe;069046;20012;Contrada Sant'Amato;069046;20013;Contrada Marcianese;069046;20014;Contrada Villa Pasquini;069046;20015;Pasquini;069046;20016;Contrada Collepizzuto;069046;20017;Re di Coppe;069046;20018;Rotelle;069046;20019;Santa Maria dei Mesi I;069046;20020;Contrada San Iorio;069046;20021;Spaccarelli;069046;20022;Spoltore;069046;20023;Torre Marino;069046;20024;Contrada Torre Marino;069046;20025;Torre Marino II;069046;20026;Contrada Iconicella;069046;30001;Contrada Serre;069047;10001;Lentella;169048;10001;Lettopalena;169049;10001;Liscia;169050;10001;Miglianico;169050;20001;Biasone-Pallottella;069050;20002;Caramanico;069050;20003;Ciaffante;069050;20004;Ciriaco;069050;20005;Cocciasecca;069050;20006;Cupazzo;069050;20007;Damuccio;069050;20008;Di Tizio;069050;20009;Ferrara;069050;20010;Marapelle;069050;20011;Mezzano;069050;20012;Micavante;069050;20013;Piane;069050;20014;Prato;069050;20015;Quattrostrade;069050;20016;Renzetto;069050;20017;Rosa;069050;20018;Sant'Antonio;069050;20019;Sconchiglio;069050;20020;Serepenne;069050;20021;Stella;069050;20022;Stipani-Grannonico;069051;10001;Montazzoli;169051;10002;Fonte San Giovanni;069052;10001;Monteferrante;169053;10001;Montelapiano;169054;10001;Montenerodomo;169054;20001;Fonticelle;069054;20002;Selvoni;069055;10001;Monteodorisio;169055;20001;San Berardino;069055;20002;Santa Lucia;069056;10001;Mozzagrogna;169056;10002;Villa Romagnoli;069056;20001;Castel di Sette;069056;20002;Cavezza;069056;20003;Cornice;069056;20004;Lucianetti;069056;20005;Rosciavizza;069056;20006;Cavezza I;069056;30002;S.S. 524;069057;10001;Orsogna;169057;20002;San Basile;069058;10001;Bardella V;069058;10002;Foro;069058;10003;Lido Riccio;069058;10004;Ortona;169058;10005;Postilli;069058;10006;Villa Caldari;069058;10007;Villa Carlone;069058;10008;Villa Grande;069058;10009;Villa Rogatti;069058;10010;Villa San Leonardo;069058;10011;Villa San Nicola;069058;10012;Villa Torre;069058;20001;Alboreto;069058;20002;Aquilano;069058;20003;Arielli;069058;20004;Bardella;069058;20005;Bardella III;069058;20006;Bardella VI;069058;20007;Bavi;069058;20010;Cappellini;069058;20012;Ciampino;069058;20013;Civitarese;069058;20014;Colombo;069058;20017;Feudo;069058;20018;Fonticelli;069058;20019;Foro III;069058;20020;Fossato;069058;20022;Gagliarda;069058;20024;Gagliarda III;069058;20025;Ghiomera;069058;20026;Lazzaretto;069058;20027;Morrecine;069058;20028;Peticcia;069058;20029;Riccio;069058;20030;Riccio I;069058;20033;Ripari Bardella;069058;20034;Ripari di Giobbe;069058;20035;San Donato-Moro;069058;20037;San Donato VI;069058;20041;San Giuliano;069058;20045;San Nicola III;069058;20046;San Pietro;069058;20048;Santa Lucia;069058;20050;Savini;069058;20051;Schiavi-San Marco;069058;20052;Torre Mucchia;069058;20053;Villa Deo-Villa Panaro;069058;20054;Villa Iubatti;069058;20055;Villa Magna;069058;30001;San Pietro I;069059;10001;Paglieta;169059;10002;Piano la Barca-Carinci;069059;10003;Sant'Egidio;069059;20001;Colle Martino;069059;20002;Coste d'Annunzio;069059;20003;Guastacconcio;069059;20004;Pedicagne Colle Martino;069059;20005;Pinciare;069059;20006;Prangiarella;069059;20007;Prato;069059;20008;Torre;069059;20009;Turaglie;069059;20010;Monaci;069059;30001;La Selva-Civitella;069059;30002;Saletti d'Intrione;069059;30003;Padicagne di Colle Martino;069059;30004;Sevel;069059;30005;Nucleo Industriale P.R.T.;069059;30006;Nucleo Industriale P.I.P.;069060;10001;Palena;169060;20001;Rione Sant'Antonio;069061;10001;Palmoli;169061;20001;Fontelacasa;069062;10001;Palombaro;169062;20001;Cantagufo;069062;20003;Limiti;069063;10001;Pennadomo;169064;10001;Pennapiedimonte;169064;20001;Capolegrotti;069064;20002;Colli;069064;20004;Pisavini;069064;20005;Vicende;069065;10001;Perano;169065;10002;Quadroni-Fontolfi-Impicciaturo-Maligni;069065;10003;San Tommaso;069065;20001;Barbetti;069065;20002;Crocetta;069065;20003;San Pastore;069065;20004;Sciorilli;069065;20005;Tomassuoli-Pugliesi;069065;20006;Tramozzini;069066;10001;Pizzoferrato;169066;20001;Berardinelli;069066;20003;Colavi;069066;20004;Colle dell'Esca;069066;20005;Fannini;069066;20006;Fortunati;069066;20007;Greci;069066;20008;Isipponi-Pasoni;069066;20009;Luigiotti;069066;20011;Minco d'Adamo;069066;20013;Peparuoli;069066;20014;Pettirossi;069066;20015;Pinciari;069066;20016;Valle del Sole;069067;10001;Poggiofiorito;169067;30001;Mortella;069068;10001;Pollutri;169068;20001;Civita;069068;20002;Martina;069068;20003;Piano Croce-Piano Valle;069068;20004;San Barbato;069069;10002;Pretoro;169069;15701;Passo Lanciano;069069;20001;Colle Pagnotto;069069;20002;Crocifisso;069069;30001;Localitˆ Cerrani;069070;10001;Quadri;169070;20001;Valle Sacchette;069070;20102;Vicenne;069071;10001;Rapino;169071;20001;Pretara;069072;10001;Ripa Teatina;169072;20001;Castello;069072;20002;Cesare Augusto;069072;20003;Cianchino;069072;20004;Colletti;069072;20005;Foro;069072;20006;Galliani;069072;20007;Giampaolo;069072;20008;Martelli;069072;20009;Quattro Strade;069072;20010;Rasiccio;069072;20011;Ricciuti;069072;20012;Rosario;069072;20013;Taccarelli;069072;20014;Tiboni;069072;20015;Trettornesi;069073;10001;Reginaldo;069073;10002;San Rocco;169073;20001;Baroni;069073;20004;Cinquina;069073;20005;Corsi;069073;20006;Fanatici;069073;20007;Francione;069073;20008;Giancamillo;069073;20009;Giancoli;069073;20010;Legnini;069073;20011;Liberati;069073;20012;Manicottelli;069073;20013;Moreto;069073;20015;Pilati;069073;20016;Pioppi;069073;20017;Pomaro;069073;20019;Terranova;069073;20020;Tracanna;069073;20802;Cappuccini;069074;10001;Piane Favaro V;069074;10002;Rocca San Giovanni;169074;10003;Santa Calcagna;069074;10004;Vallev˜;069074;20001;Bocache I;069074;20002;Bocache II;069074;20003;Lappeto;069074;20004;Novella I;069074;20005;Novella II;069074;20006;Piane Favaro;069074;20007;Piane Favaro III;069074;20008;Piane Favaro IV;069074;20009;Puncichitti;069074;20011;Valle Carbura;069074;20013;Vallev˜ I;069074;20014;Vetiche I;069074;20015;Vetiche II;069074;20016;Contrada Perazza;069075;10001;Aia di Rocco;069075;10002;Capriglia;069075;10003;Colle Buono;069075;10004;Colle Grande;069075;10005;Roccascalegna;169075;20001;Agoniera;069075;20002;Articciaro;069075;20003;Campo Tradizio;069075;20004;Finocchieto;069075;20005;Fontacciaro;069075;20006;Macchie;069075;20007;Pagliari Gentili;069075;20008;San Pancrazio;069075;20009;Solagne;069075;30001;Zona Artigianale Solagne;069076;10001;Acquaviva;069076;10002;Fatticce;069076;10003;Olmi;069076;10004;Roccaspinalveti-Santa Giusta;169076;10005;San Cristoforo-Querci Altieri;069076;10006;Serre;069076;20002;Chiuse;069076;20003;Salconeto;069076;20004;Tesoro;069076;20005;Vallocchie Torre;069076;20006;Fatticce Alta;069076;20007;Fatticce Bassa;069077;10001;Roio del Sangro;169078;10001;Giuliopoli;069078;10002;Rosello;169079;10001;San Buono;169079;20001;Cantarelli;069079;20003;Pantano;069079;20802;Convento di Sant'Antonio;069080;10001;San Giovanni Lipioni;169081;10001;Sambuceto;169081;10002;San Giovanni Teatino;069081;10003;Fontechiaro da Capo;069081;10004;Salara;069081;20001;D'Ilio;069081;20002;Muffo;069081;20003;Serraiocco;069081;20004;Quaglietta;069081;20005;Fonte Maccarone;069081;20007;Parco;069081;30001;Zona Industriale Val Pescara;069082;10001;San Martino sulla Marrucina;169082;10002;Fonte Giardino;069082;20001;Gamberale;069082;20002;Colle Grande;069082;30001;Localitˆ Campotrino-Zona Industriale;069083;10001;San Salvo;169083;10002;Salvo Marina;069083;30001;Zona Industriale San Salvo;069084;10001;Santa Maria Imbaro;169084;10003;Villa Romagnoli;069084;20001;Borgata Fattore;069084;20002;Borgata Fattore I;069084;20003;Borgata Fattore II;069084;20004;Borgata Perilli;069084;30001;Consorzio Mario Negri Sud;069084;30002;S.S. 524 Via Nazionale Per Lanciano;069085;10001;Castellata;069085;10002;Cotti;069085;10003;Sant'Eusanio del Sangro;169085;20001;Brecciaio;069085;20002;Candeloro;069085;20003;Castello;069085;20004;Fontepaduli;069085;20005;Piana delle Mele;069085;20006;Salvagnola;069085;20007;Santa Lucia I;069085;20008;Santa Lucia II;069085;20009;Saponelli;069085;20010;Tori;069086;10001;Mancini;069086;10002;Sant'Apollinare;069086;10003;San Vito Chietino;169086;10004;Marina di San Vito;069086;20001;Acquaviva;069086;20002;Bufara;069086;20003;Cese;069086;20004;Murata Alta;069086;20005;Pontoni;069086;20006;Rapanice;069086;20007;San Fino;069087;10001;Scerni;169087;20001;Cerase;069087;20002;Cipressi;069087;20003;Colle Breccioli;069087;20004;Colle Marrollo;069087;20005;Colle Orzo;069087;20006;Fontenuova;069087;20007;Reliscia;069087;20008;Riguardata;069087;30001;Cantina Sociale;069087;30002;Zona Artigianale;069088;10001;Cannavina;069088;10002;San Martino;069088;10003;Schiavi di Abruzzo;169088;10004;Taverna;069088;20001;Badia;069088;20002;Badia I;069088;20003;Borrello;069088;20004;Canale;069088;20005;Casali;069088;20006;Cupello;069088;20008;Fosso Cioffolello;069088;20009;Rione Marcucci;069088;20010;Salce;069088;20011;Salce I;069088;20012;San Martino I;069088;20013;Taverna I;069088;20014;Valli;069088;20015;Valli I;069088;20016;Valloni;069088;20017;Valloni I;069088;20018;Villaggio;069088;24907;Fonte la Spugna;069089;10001;Taranta Peligna;169090;10001;Colle Cavalieri;069090;10002;Tollo;169090;20001;Collesecco;069090;20002;Medoro;069090;20003;Piana Mozzone;069090;20004;Venna;069090;20005;Collesecco I;069091;10001;Borgata Marina;069091;10002;Torino di Sangro;169091;20001;Lago Dragoni;069091;20002;Valle Caterina;069092;10001;San Giovanni;069092;10002;Tornareccio;169092;20001;Colle Case;069092;20002;Torricchio;069093;10001;Guardiabruna;069093;10002;Torrebruna;169094;10003;Torrevecchia;169094;20001;Cianchetta;069094;20002;Castelferrato;069094;20003;Baboro;069094;20004;Torre;069094;20005;Sanguineto;069094;20006;San Pasquale;069094;20007;Fondo Valle Alento;069094;20008;Coderuto;069094;20009;Silvidio;069095;10001;Colle Zingaro;069095;10002;Fallascoso;069095;10003;Torricella Peligna;169095;20001;Bufalara;069095;20002;Madonna del Roseto;069095;20003;Morretto;069095;20004;Purgatoio;069095;20006;Stazzo dei Cavalli;069095;20007;Villa Roseto;069096;10001;Cona;069096;10002;Pagliaroni;069096;10005;San Martino;069096;10006;Treglio;169096;20002;San Giorgio;069096;20003;Severini;069096;20004;Severini II;069097;10001;Tufillo;169098;10001;Vacri;169098;20002;Sant'Agata;069098;20003;San Vincenzo;069098;20004;Selve;069099;10001;Collepizzuto;069099;10002;Marina di Vasto;069099;10004;San Lorenzo;069099;10005;Vasto;169099;20001;Catello;069099;20002;Del Borrello;069099;20003;Genova-Rulli;069099;20004;Luci;069099;20005;Maddalena;069099;20006;Pagliarelli;069099;20007;Roselli;069099;20008;Sant'Onofrio;069099;20009;Vignola;069099;20010;Villa De Nardis;069099;20011;Zimarino;069099;20013;Colli;069099;20014;Montevecchio I;069099;20015;Montevecchio II;069099;20016;San Biagio;069099;23114;Torre Sinello;069099;30002;Zona Industriale Porto di Vasto;069100;10001;Villalfonsina;169100;20001;Campo di Pardo;069100;20002;Castracani;069100;20003;Di Tullio;069100;20004;Pallano;069100;20005;Taglioni;069100;20006;Travaglini;069100;20007;Valle de Yure;069101;10001;Villamagna;169101;20001;Via Livoli;069101;30001;Val di Foro;069102;10001;Villa Santa Maria;169102;20001;Poggio;069102;20002;Santa Maria in Basilico;069103;10001;Pietraferrazzana;169104;10001;Fallo;1